original,optimized,
ATGCCCCAACTAAATACTACCGTATGGCCCACCATAATTACCCCCATACTCCTTACACTATTCCTCATCACCCAACTAAAAATATTAAACACAAACTACCACCTACCTCCCTCACCAAAGCCCATAAAAATAAAAAATTATAACAAACCCTGAGAACCAAAATGAACGAAAATCTGTTCGCTTCATTCATTGCCCCCACAATCCTAG,ATGCCTCAGCTGAACACCACCGTGTGGCCCACCATCATCACCCCTATTCTGCTGACCCTGTTCCTGATTACCCAGCTGAAGATCCTGAACACCAACTACCACCTGCCTCCCTCCCCCAAGCCCATCAAAATCAAAAACTACAACAAACCCTGAGAGCCCAAATGAACCAAGATTTGCAGTCTGCACAGCCTGCCCCCCCAGAGCTGA,
ATGAACGAAAATCTGTTCGCTTCATTCATTGCCCCCACAATCCTAGGCCTACCCGCCGCAGTACTGATCATTCTATTTCCCCCTCTATTGATCCCCACCTCCAAATATCTCATCAACAACCGACTAATCACCACCCAACAATGACTAATCAAACTAACCTCAAAACAAATGATAACCATACACAACACTAAAGGACGAACCTGATCTCTTATACTAGTATCCTTAATCATTTTTATTGCCACAACTAACCTCCTCGGACTCCTGCCTCACTCATTTACACCAACCACCCAACTATCTATAAACCTAGCCATGGCCATCCCCTTATGAGCGGGCACAGTGATTATAGGCTTTCGCTCTAAGATTAAAAATGCCCTAGCCCACTTCTTACCACAAGGCACACCTACACCCCTTATCCCCATACTAGTTATTATCGAAACCATCAGCCTACTCATTCAACCAATAGCCCTGGCCGTACGCCTAACCGCTAACATTACTGCAGGCCACCTACTCATGCACCTAATTGGAAGCGCCACCCTAGCAATATCAACCATTAACCTTCCCTCTACACTTATCATCTTCACAATTCTAATTCTACTGACTATCCTAGAAATCGCTGTCGCCTTAATCCAAGCCTACGTTTTCACACTTCTAGTAAGCCTCTACCTGCACGACAACACATAA,ATGAATGAGAATCTGTTTGCCTCCTTCATCGCCCCTACTATCCTGGGCCTGCCCGCCGCCGTGCTGATCATCCTGTTCCCCCCTCTGCTGATCCCAACCAGCAAGTACCTGATTAACAACAGGCTGATCACAACACAGCAGTGACTGATCAAGCTGACCTCTAAACAGATGATTACCATCCATAACACCAAAGGTAGAACTTGATCCCTGATTCTGGTGAGCCTGATTATCTTCATCGCCACCACCAACCTGCTGGGCCTGCTGCCCCATAGCTTCACTCCTACCACCCAGCTGAGCATCAATCTGGCCATGGCCATTCCTCTGTGAGCCGGAACCGTCATCATCGGGTTTCGGAGCAAGATCAAAAATGCCCTGGCCCATTTCCTGCCCCAGGGCACACCCACCCCCCTGATCCCAATTCTGGTGATCATTGAGACAATCTCTCTGCTGATTCAGCCAATCGCCCTCGCCGTGAGACTGACAGCCAATATCACTGCCGGCCATCTGCTGATGCACCTGATCGGATCAGCCACCCTGGCAATCAGCACCATCAACCTGCCTAGCACACTGATCATCTTTACCATCCTGATCCTGCTGACCATTCTGGAAATCGCCGTGGCTCTGATCCAGGCCTACGTGTTTACCCTGCTGGTCTCCCTGTACCTGCACGATAACACCTAA,
ATGTGTGGCATTTGGGCGCTGTTTGGCAGTGATGATTGCCTTTCTGTTCAGTGTCTGAGTGCTATGAAGATTGCACACAGAGGTCCAGATGCATTCCGTTTTGAGAATGTCAATGGATACACCAACTGCTGCTTTGGATTTCACCGGTTGGCGGTAGTTGACCCGCTGTTTGGAATGCAGCCAATTCGAGTGAAGAAATATCCGTATTTGTGGCTCTGTTACAATGGTGAAATCTACAACCATAAGAAGATGCAACAGCATTTTGAATTTGAATACCAGACCAAAGTGGATGGTGAGATAATCCTTCATCTTTATGACAAAGGAGGAATTGAGCAAACAATTTGTATGTTGGATGGTGTGTTTGCATTTGTTTTACTGGATACTGCCAATAAGAAAGTGTTCCTGGGTAGAGATACATATGGAGTCAGACCTTTGTTTAAAGCAATGACAGAAGATGGATTTTTGGCTGTATGTTCAGAAGCTAAAGGTCTTGTTACATTGAAGCACTCCGCGACTCCCTTTTTAAAAGTGGAGCCTTTTCTTCCTGGACACTATGAAGTTTTGGATTTAAAGCCAAATGGCAAAGTTGCATCCGTGGAAATGGTTAAATATCATCACTGTCGGGATGTACCCCTGCACGCCCTCTATGACAATGTGGAGAAACTCTTTCCAGGTTTTGAGATAGAAACTGTGAAGAACAACCTCAGGATCCTTTTTAATAATGCTGTAAAGAAACGTTTGATGACAGACAGAAGGATTGGCTGCCTTTTATCAGGGGGCTTGGACTCCAGCTTGGTTGCTGCCACTCTGTTGAAGCAGCTGAAAGAAGCCCAAGTACAGTATCCTCTCCAGACATTTGCAATTGGCATGGAAGACAGCCCCGATTTACTGGCTGCTAGAAAGGTGGCAGATCATATTGGAAGTGAACATTATGAAGTCCTTTTTAACTCTGAGGAAGGCATTCAGGCTCTGGATGAAGTCATATTTTCCTTGGAAACTTATGACATTACAACAGTTCGTGCTTCAGTAGGTATGTATTTAATTTCCAAGTATATTCGGAAGAACACAGATAGCGTGGTGATCTTCTCTGGAGAAGGATCAGATGAACTTACGCAGGGTTACATATATTTTCACAAGGCTCCTTCTCCTGAAAAAGCCGAGGAGGAGAGTGAGAGGCTTCTGAGGGAACTCTATTTGTTTGATGTTCTCCGCGCAGATCGAACTACTGCTGCCCATGGTCTTGAACTGAGAGTCCCATTTCTAGATCATCGATTTTCTTCCTATTACTTGTCTCTGCCACCAGAAATGAGAATTCCAAAGAATGGGATAGAAAAACATCTCCTGAGAGAGACGTTTGAGGATTCCAATCTGATACCCAAAGAGATTCTCTGGCGACCAAAAGAAGCCTTCAGTGATGGAATAACTTCAGTTAAGAATTCCTGGTTTAAGATTTTACAGGAATACGTTGAACATCAGGTTGATGATGCAATGATGGCAAATGCAGCCCAGAAATTTCCCTTCAATACTCCTAAAACCAAAGAAGGATATTACTACCGTCAAGTCTTTGAACGCCATTACCCAGGCCGGGCTGACTGGCTGAGCCATTACTGGATGCCCAAGTGGATCAATGCCACTGACCCTTCTGCCCGCACGCTGACCCACTACAAGTCAGCTGTCAAAGCTTAG,ATGTGTGGCATTTGGGCCCTGTTCGGCTCTGATGACTGCCTGAGCGTGCAGTGTCTGTCAGCCATGAAGATCGCCCACAGGGGCCCCGACGCCTTTCGGTTCGAGAACGTGAACGGATACACCAATTGCTGTTTCGGTTTCCACCGGCTGGCCGTGGTGGACCCACTCTTCGGTATGCAGCCCATTAGGGTGAAAAAATACCCCTATCTGTGGCTGTGCTACAATGGCGAGATCTACAATCACAAGAAGATGCAGCAGCACTTCGAATTTGAATACCAGACAAAGGTGGATGGCGAAATTATTCTGCACCTGTACGACAAAGGCGGCATCGAGCAGACCATCTGCATGCTGGACGGAGTGTTCGCATTTGTGCTGCTGGACACAGCCAACAAGAAGGTGTTTCTGGGGAGAGATACCTACGGCGTGCGGCCCCTGTTCAAGGCCATGACCGAGGATGGCTTCCTGGCCGTGTGTTCCGAGGCTAAGGGACTGGTGACCCTGAAGCACAGCGCCACACCTTTTCTGAAAGTGGAGCCTTTTCTGCCCGGGCACTACGAAGTGCTGGACCTGAAGCCTAACGGCAAGGTGGCCAGCGTGGAGATGGTCAAATATCACCACTGCAGGGATGTACCCCTGCACGCCCTGTACGATAACGTGGAGAAGCTGTTCCCCGGCTTTGAGATCGAAACCGTGAAGAACAACCTGCGGATCCTGTTCAACAACGCTGTGAAGAAGCGCCTGATGACAGACAGAAGGATCGGATGTCTGCTGAGCGGGGGCCTGGATTCTTCCCTGGTGGCTGCCACACTTCTGAAGCAGCTCAAAGAGGCTCAGGTGCAGTATCCCCTGCAGACTTTCGCCATCGGCATGGAGGATTCCCCTGACCTGCTGGCCGCCAGGAAGGTGGCCGACCACATCGGCTCTGAGCATTACGAGGTGCTGTTTAACAGCGAGGAGGGCATCCAGGCCCTGGACGAAGTGATCTTCAGCCTGGAGACCTATGATATTACCACAGTGAGGGCTAGCGTGGGAATGTACCTGATCAGCAAGTACATCCGGAAGAATACAGACAGCGTGGTGATCTTCAGTGGCGAGGGCTCCGATGAACTGACACAGGGCTACATCTACTTTCACAAAGCCCCTAGCCCTGAGAAAGCCGAGGAGGAGAGCGAGCGGCTGCTGCGCGAGCTGTACCTGTTCGACGTGCTGAGAGCCGATAGGACTACCGCCGCCCACGGCCTGGAGCTTAGGGTGCCTTTCCTGGACCACAGGTTCTCCAGCTATTACCTGAGCCTGCCCCCAGAGATGCGCATACCTAAGAATGGCATTGAGAAGCACCTCCTGAGGGAGACATTCGAGGATTCTAATCTGATCCCAAAGGAGATCCTGTGGCGGCCTAAGGAGGCCTTCTCCGATGGTATCACCAGCGTGAAGAATTCATGGTTCAAGATTCTGCAGGAATATGTGGAGCACCAGGTCGATGACGCAATGATGGCCAACGCTGCGCAGAAGTTCCCATTCAATACCCCTAAAACCAAAGAGGGGTACTACTATCGGCAGGTGTTCGAGCGCCACTACCCCGGAAGAGCCGATTGGCTGTCCCATTACTGGATGCCTAAGTGGATTAATGCCACAGACCCTTCCGCCCGGACACTGACTCATTACAAGTCCGCCGTTAAGGCCTGA,
ATGTGTGGCATTTGGGCGCTGTTTGGCAGTGATGATTGCCTTTCTGTTCAGTGTCTGAGTGCTATGAAGATTGCACACAGAGGTCCAGATGCATTCCGTTTTGAGAATGTCAATGGATACACCAACTGCTGCTTTGGATTTCACCGGTTGGCGGTAGTTGACCCGCTGTTTGGAATGCAGCCAATTCGAGTGAAGAAATATCCGTATTTGTGGCTCTGTTACAATGGTGAAATCTACAACCATAAGAAGATGCAACAGCATTTTGAATTTGAATACCAGACCAAAGTGGATGGTGAGATAATCCTTCATCTTTATGACAAAGGAGGAATTGAGCAAACAATTTGTATGTTGGATGGTGTGTTTGCATTTGTTTTACTGGATACTGCCAATAAGAAAGTGTTCCTGGGTAGAGATACATATGGAGTCAGACCTTTGTTTAAAGCAATGACAGAAGATGGATTTTTGGCTGTATGTTCAGAAGCTAAAGGTCTTGTTACATTGAAGCACTCCGCGACTCCCTTTTTAAAAGTGGAGCCTTTTCTTCCTGGACACTATGAAGTTTTGGATTTAAAGCCAAATGGCAAAGTTGCATCCGTGGAAATGGTTAAATATCATCACTGTCGGGATGTACCCCTGCACGCCCTCTATGACAATGTGGAGAAACTCTTTCCAGGTTTTGAGATAGAAACTGTGAAGAACAACCTCAGGATCCTTTTTAATAATGCTGTAAAGAAACGTTTGATGACAGACAGAAGGATTGGCTGCCTTTTATCAGGGGGCTTGGACTCCAGCTTGGTTGCTGCCACTCTGTTGAAGCAGCTGAAAGAAGCCCAAGTACAGTATCCTCTCCAGACATTTGCAATTGGCATGGAAGACAGCCCCGATTTACTGGCTGCTAGAAAGGTGGCAGATCATATTGGAAGTGAACATTATGAAGTCCTTTTTAACTCTGAGGAAGGCATTCAGGCTCTGGATGAAGTCATATTTTCCTTGGAAACTTATGACATTACAACAGTTCGTGCTTCAGTAGGTATGTATTTAATTTCCAAGTATATTCGGAAGAACACAGATAGCGTGGTGATCTTCTCTGGAGAAGGATCAGATGAACTTACGCAGGGTTACATATATTTTCACAAGGATTGGAGAGGGAGAAAGAAAAACTGCTTTGTGTGCCAAAAGCAAAACTCTTGGTGTTTTTGTTTGTGA,ATGTGTGGCATTTGGGCCCTGTTCGGCTCTGATGACTGCCTGAGCGTGCAGTGTCTGTCAGCCATGAAGATCGCCCACAGGGGCCCCGACGCCTTTCGGTTCGAGAACGTGAACGGATACACCAATTGCTGTTTCGGTTTCCACCGGCTGGCCGTGGTGGACCCACTCTTCGGTATGCAGCCCATTAGGGTGAAAAAATACCCCTATCTGTGGCTGTGCTACAATGGCGAGATCTACAATCACAAGAAGATGCAGCAGCACTTCGAATTTGAATACCAGACAAAGGTGGATGGCGAAATTATTCTGCACCTGTACGACAAAGGCGGCATCGAGCAGACCATCTGCATGCTGGACGGAGTGTTCGCATTTGTGCTGCTGGACACAGCCAACAAGAAGGTGTTTCTGGGGAGAGATACCTACGGCGTGCGGCCCCTGTTCAAGGCCATGACCGAGGATGGCTTCCTGGCCGTGTGTTCCGAGGCTAAGGGACTGGTGACCCTGAAGCACAGCGCCACACCTTTTCTGAAAGTGGAGCCTTTTCTGCCCGGGCACTACGAAGTGCTGGACCTGAAGCCTAACGGCAAGGTGGCCAGCGTGGAGATGGTCAAATATCACCACTGCAGGGATGTACCCCTGCACGCCCTGTACGATAACGTGGAGAAGCTGTTCCCCGGCTTTGAGATCGAAACCGTGAAGAACAACCTGCGGATCCTGTTCAACAACGCTGTGAAGAAGCGCCTGATGACAGACAGAAGGATCGGATGTCTGCTGAGCGGGGGCCTGGATTCTTCCCTGGTGGCTGCCACACTTCTGAAGCAGCTCAAAGAGGCTCAGGTGCAGTATCCCCTGCAGACTTTCGCCATCGGCATGGAGGATTCCCCTGACCTGCTGGCCGCCAGGAAGGTGGCCGACCACATCGGCTCTGAGCATTACGAGGTGCTGTTTAACAGCGAGGAGGGCATCCAGGCCCTGGACGAAGTGATCTTCAGCCTGGAGACCTATGATATTACCACAGTGAGGGCTAGCGTGGGAATGTACCTGATCAGCAAGTACATCCGGAAGAATACAGACAGCGTGGTGATCTTCAGTGGCGAGGGCTCCGATGAACTGACACAGGGCTACATCTACTTTCACAAAGACTGGAGGGGCAGAAAAAAGAATTGTTTCGTGTGCCAGAAACAGAACTCATGGTGCTTTTGCCTGTGA,
ATGCAACAGCATTTTGAATTTGAATACCAGACCAAAGTGGATGGTGAGATAATCCTTCATCTTTATGACAAAGGAGGAATTGAGCAAACAATTTGTATGTTGGATGGTGTGTTTGCATTTGTTTTACTGGATACTGCCAATAAGAAAGTGTTCCTGGGTAGAGATACATATGGAGTCAGACCTTTGTTTAAAGCAATGACAGAAGATGGATTTTTGGCTGTATGTTCAGAAGCTAAAGGTCTTGTTACATTGAAGCACTCCGCGACTCCCTTTTTAAAAGTGGAGCCTTTTCTTCCTGGACACTATGAAGTTTTGGATTTAAAGCCAAATGGCAAAGTTGCATCCGTGGAAATGGTTAAATATCATCACTGTCGGGATGTACCCCTGCACGCCCTCTATGACAATGTGGAGAAACTCTTTCCAGGTTTTGAGATAGAAACTGTGAAGAACAACCTCAGGATCCTTTTTAATAATGCTGTAAAGAAACGTTTGATGACAGACAGAAGGATTGGCTGCCTTTTATCAGGGGGCTTGGACTCCAGCTTGGTTGCTGCCACTCTGTTGAAGCAGCTGAAAGAAGCCCAAGTACAGTATCCTCTCCAGACATTTGCAATTGGCATGGAAGACAGCCCCGATTTACTGGCTGCTAGAAAGGTGGCAGATCATATTGGAAGTGAACATTATGAAGTCCTTTTTAACTCTGAGGAAGGCATTCAGGCTCTGGATGAAGTCATATTTTCCTTGGAAACTTATGACATTACAACAGTTCGTGCTTCAGTAGGTATGTATTTAATTTCCAAGTATATTCGGAAGAACACAGATAGCGTGGTGATCTTCTCTGGAGAAGGATCAGATGAACTTACGCAGGGTTACATATATTTTCACAAGGCTCCTTCTCCTGAAAAAGCCGAGGAGGAGAGTGAGAGGCTTCTGAGGGAACTCTATTTGTTTGATGTTCTCCGCGCAGATCGAACTACTGCTGCCCATGGTCTTGAACTGAGAGTCCCATTTCTAGATCATCGATTTTCTTCCTATTACTTGTCTCTGCCACCAGAAATGAGAATTCCAAAGAATGGGATAGAAAAACATCTCCTGAGAGAGACGTTTGAGGATTCCAATCTGATACCCAAAGAGATTCTCTGGCGACCAAAAGAAGCCTTCAGTGATGGAATAACTTCAGTTAAGAATTCCTGGTTTAAGATTTTACAGGAATACGTTGAACATCAGGTTGATGATGCAATGATGGCAAATGCAGCCCAGAAATTTCCCTTCAATACTCCTAAAACCAAAGAAGGATATTACTACCGTCAAGTCTTTGAACGCCATTACCCAGGCCGGGCTGACTGGCTGAGCCATTACTGGATGCCCAAGTGGATCAATGCCACTGACCCTTCTGCCCGCACGCTGACCCACTACAAGTCAGCTGTCAAAGCTTAG,ATGCAACAGCACTTTGAGTTTGAGTACCAGACTAAGGTGGACGGCGAAATCATCCTACACCTGTATGACAAGGGCGGGATCGAGCAGACTATCTGCATGCTGGATGGAGTGTTCGCCTTCGTGCTGCTGGACACCGCCAACAAGAAAGTGTTTCTGGGACGCGACACATACGGCGTGCGCCCCCTGTTTAAGGCCATGACCGAAGACGGCTTCCTGGCCGTGTGCAGCGAAGCCAAGGGACTGGTGACCCTGAAGCACAGTGCCACACCGTTTCTGAAGGTGGAACCTTTCCTGCCTGGCCATTATGAGGTGCTGGACCTGAAACCTAATGGCAAGGTGGCCAGCGTGGAAATGGTGAAGTATCATCACTGTCGGGACGTGCCTCTGCACGCCCTGTATGATAATGTGGAGAAGCTCTTCCCCGGCTTTGAAATTGAGACCGTCAAGAATAACCTGCGGATTCTGTTTAACAACGCCGTGAAGAAAAGACTGATGACCGACCGGAGAATCGGATGCCTGCTGTCTGGCGGTCTGGACTCTAGTCTGGTGGCCGCCACACTTCTGAAGCAGCTGAAGGAGGCCCAGGTGCAGTACCCTCTGCAGACATTCGCTATCGGAATGGAGGACAGCCCCGACCTGCTGGCCGCCAGAAAGGTGGCAGATCATATCGGCAGCGAGCACTACGAGGTGCTCTTTAATTCAGAGGAGGGAATCCAGGCCCTGGACGAGGTGATCTTTTCCCTCGAGACCTATGATATCACTACCGTCAGAGCTTCCGTGGGAATGTACCTGATCTCCAAGTACATCCGGAAGAACACTGACAGCGTGGTGATCTTCTCCGGCGAGGGCTCCGACGAGCTGACCCAGGGGTACATCTACTTTCACAAGGCACCATCCCCCGAGAAAGCCGAGGAGGAGTCCGAGAGACTGCTGAGAGAGCTGTACCTGTTCGACGTGCTGAGAGCCGACCGGACCACAGCCGCCCATGGCCTGGAGCTGCGGGTGCCCTTTCTGGACCACAGGTTTTCCAGCTATTATCTGTCTCTGCCTCCCGAGATGAGGATCCCAAAGAACGGCATTGAGAAGCACCTGCTGCGGGAGACTTTCGAAGATTCTAATCTGATTCCTAAGGAGATCCTGTGGAGACCCAAGGAGGCCTTTTCCGACGGCATCACCAGCGTGAAGAACTCCTGGTTTAAGATCCTGCAGGAATACGTGGAGCACCAGGTGGATGACGCCATGATGGCCAACGCCGCTCAGAAGTTCCCCTTTAACACCCCAAAGACAAAGGAAGGCTACTACTACAGGCAGGTGTTTGAGCGCCACTACCCTGGGAGAGCTGACTGGCTGAGCCACTACTGGATGCCCAAGTGGATCAACGCTACCGACCCATCTGCCAGAACTCTGACCCACTACAAATCAGCCGTGAAGGCCTGA,
ATGTGTGGCATTTGGGCGCTGTTTGGCAGTGATGATTGCCTTTCTGTTCAGTGTCTGAGTGCTATGAAGATTGCACACAGAGGTCCAGATGCATTCCGTTTTGAGAATGTCAATGGATACACCAACTGCTGCTTTGGATTTCACCGGTTGGCGGTAGTTGACCCGCTGTTTGGAATGCAGCCAATTCGAGTGAAGAAATATCCGTATTTGTGGCTCTGTTACAATGGTGAAATCTACAACCATAAGAAGATGCAACAGCATTTTGAATTTGAATACCAGACCAAAGTGGATGGTGAGATAATCCTTCATCTTTATGACAAAGGAGGAATTGAGCAAACAATTTGTATGTTGGATGGTGTGTTTGCATTTGTTTTACTGGATACTGCCAATAAGAAAGTGTTCCTGGGTAGAGATACATATGGAGTCAGACCTTTGTTTAAAGCAATGACAGAAGATGGATTTTTGGCTGTATGTTCAGAAGCTAAAGGTCTTGTTACATTGAAGCACTCCGCGACTCCCTTTTTAAAAGTGGAGCCTTTTCTTCCTGGACACTATGAAGTTTTGGATTTAAAGCCAAATGGCAAAGTTGCATCCGTGGAAATGGTTAAATATCATCACTGTCGGGATGTACCCCTGCACGCCCTCTATGACAATGTGGAGAAACTCTTTCCAGGTTTTGAGATAGAAACTGTGAAGAACAACCTCAGGATCCTTTTTAATAATGCTGTAAAGAAACGTTTGATGACAGACAGAAGGATTGGCTGCCTTTTATCAGGGGGCTTGGACTCCAGCTTGGTTGCTGCCACTCTGTTGAAGCAGCTGAAAGAAGCCCAAGTACAGTATCCTCTCCAGACATTTGCAATTGGCATGGAAGACAGCCCCGATTTACTGGCTGCTAGAAAGGTGGCAGATCATATTGGAAGTGAACATTATGAAGTCCTTTTTAACTCTGAGGAAGGCATTCAGGCTCTGGATGAAGTCATATTTTCCTTGGAAACTTATGACATTACAACAGTTCGTGCTTCAGTAGGTATGTATTTAATTTCCAAGTATATTCGGAAGAACACAGATAGCGTGGTGATCTTCTCTGGAGAAGGATCAGATGAACTTACGCAGGGTTACATATATTTTCACAAGGCTCCTTCTCCTGAAAAAGCCGAGGAGGAGAGTGAGAGGCTTCTGAGGGAACTCTATTTGTTTGATGTTCTCCGCGCAGATCGAACTACTGCTGCCCATGGTCTTGAACTGAGAGTCCCATTTCTAGATCATCGATTTTCTTCCTATTACTTGTCTCTGCCACCAGAAATGAGAATTCCAAAGAATGGGATAGAAAAACATCTCCTGAGAGAGACGTTTGAGGATTCCAATCTGATACCCAAAGAGATTCTCTGGCGACCAAAAGAAGCCTTCAGTGATGGAATAACTTCAGTTAAGAATTCCTGGTTTAAGATTTTACAGGAATACGTTGAACATCAGGTTGATGATGCAATGATGGCAAATGCAGCCCAGAAATTTCCCTTCAATACTCCTAAAACCAAAGAAGGATATTACTACCGTCAAGTCTTTGAACGCCATTACCCAGGCCGGGCTGACTGGCTGAGCCATTACTGGATGCCCAAGTGGATCAATGCCACTGACCCTTCTGCCCGCACGCTGACCCACTACAAGTCAGCTGTCAAAGCTTAG,ATGTGTGGCATTTGGGCCCTGTTCGGCTCTGATGACTGCCTGAGCGTGCAGTGTCTGTCAGCCATGAAGATCGCCCACAGGGGCCCCGACGCCTTTCGGTTCGAGAACGTGAACGGATACACCAATTGCTGTTTCGGTTTCCACCGGCTGGCCGTGGTGGACCCACTCTTCGGTATGCAGCCCATTAGGGTGAAAAAATACCCCTATCTGTGGCTGTGCTACAATGGCGAGATCTACAATCACAAGAAGATGCAGCAGCACTTCGAATTTGAATACCAGACAAAGGTGGATGGCGAAATTATTCTGCACCTGTACGACAAAGGCGGCATCGAGCAGACCATCTGCATGCTGGACGGAGTGTTCGCATTTGTGCTGCTGGACACAGCCAACAAGAAGGTGTTTCTGGGGAGAGATACCTACGGCGTGCGGCCCCTGTTCAAGGCCATGACCGAGGATGGCTTCCTGGCCGTGTGTTCCGAGGCTAAGGGACTGGTGACCCTGAAGCACAGCGCCACACCTTTTCTGAAAGTGGAGCCTTTTCTGCCCGGGCACTACGAAGTGCTGGACCTGAAGCCTAACGGCAAGGTGGCCAGCGTGGAGATGGTCAAATATCACCACTGCAGGGATGTACCCCTGCACGCCCTGTACGATAACGTGGAGAAGCTGTTCCCCGGCTTTGAGATCGAAACCGTGAAGAACAACCTGCGGATCCTGTTCAACAACGCTGTGAAGAAGCGCCTGATGACAGACAGAAGGATCGGATGTCTGCTGAGCGGGGGCCTGGATTCTTCCCTGGTGGCTGCCACACTTCTGAAGCAGCTCAAAGAGGCTCAGGTGCAGTATCCCCTGCAGACTTTCGCCATCGGCATGGAGGATTCCCCTGACCTGCTGGCCGCCAGGAAGGTGGCCGACCACATCGGCTCTGAGCATTACGAGGTGCTGTTTAACAGCGAGGAGGGCATCCAGGCCCTGGACGAAGTGATCTTCAGCCTGGAGACCTATGATATTACCACAGTGAGGGCTAGCGTGGGAATGTACCTGATCAGCAAGTACATCCGGAAGAATACAGACAGCGTGGTGATCTTCAGTGGCGAGGGCTCCGATGAACTGACACAGGGCTACATCTACTTTCACAAAGCCCCTAGCCCTGAGAAAGCCGAGGAGGAGAGCGAGCGGCTGCTGCGCGAGCTGTACCTGTTCGACGTGCTGAGAGCCGATAGGACTACCGCCGCCCACGGCCTGGAGCTTAGGGTGCCTTTCCTGGACCACAGGTTCTCCAGCTATTACCTGAGCCTGCCCCCAGAGATGCGCATACCTAAGAATGGCATTGAGAAGCACCTCCTGAGGGAGACATTCGAGGATTCTAATCTGATCCCAAAGGAGATCCTGTGGCGGCCTAAGGAGGCCTTCTCCGATGGTATCACCAGCGTGAAGAATTCATGGTTCAAGATTCTGCAGGAATATGTGGAGCACCAGGTCGATGACGCAATGATGGCCAACGCTGCGCAGAAGTTCCCATTCAATACCCCTAAAACCAAAGAGGGGTACTACTATCGGCAGGTGTTCGAGCGCCACTACCCCGGAAGAGCCGATTGGCTGTCCCATTACTGGATGCCTAAGTGGATTAATGCCACAGACCCTTCCGCCCGGACACTGACTCATTACAAGTCCGCCGTTAAGGCCTGA,
ATGAAGATTGCACACAGAGGTCCAGATGCATTCCGTTTTGAGAATGTCAATGGATACACCAACTGCTGCTTTGGATTTCACCGGTTGGCGGTAGTTGACCCGCTGTTTGGAATGCAGCCAATTCGAGTGAAGAAATATCCGTATTTGTGGCTCTGTTACAATGGTGAAATCTACAACCATAAGAAGATGCAACAGCATTTTGAATTTGAATACCAGACCAAAGTGGATGGTGAGATAATCCTTCATCTTTATGACAAAGGAGGAATTGAGCAAACAATTTGTATGTTGGATGGTGTGTTTGCATTTGTTTTACTGGATACTGCCAATAAGAAAGTGTTCCTGGGTAGAGATACATATGGAGTCAGACCTTTGTTTAAAGCAATGACAGAAGATGGATTTTTGGCTGTATGTTCAGAAGCTAAAGGTCTTGTTACATTGAAGCACTCCGCGACTCCCTTTTTAAAAGTGGAGCCTTTTCTTCCTGGACACTATGAAGTTTTGGATTTAAAGCCAAATGGCAAAGTTGCATCCGTGGAAATGGTTAAATATCATCACTGTCGGGATGTACCCCTGCACGCCCTCTATGACAATGTGGAGAAACTCTTTCCAGGTTTTGAGATAGAAACTGTGAAGAACAACCTCAGGATCCTTTTTAATAATGCTGTAAAGAAACGTTTGATGACAGACAGAAGGATTGGCTGCCTTTTATCAGGGGGCTTGGACTCCAGCTTGGTTGCTGCCACTCTGTTGAAGCAGCTGAAAGAAGCCCAAGTACAGTATCCTCTCCAGACATTTGCAATTGGCATGGAAGACAGCCCCGATTTACTGGCTGCTAGAAAGGTGGCAGATCATATTGGAAGTGAACATTATGAAGTCCTTTTTAACTCTGAGGAAGGCATTCAGGCTCTGGATGAAGTCATATTTTCCTTGGAAACTTATGACATTACAACAGTTCGTGCTTCAGTAGGTATGTATTTAATTTCCAAGTATATTCGGAAGAACACAGATAGCGTGGTGATCTTCTCTGGAGAAGGATCAGATGAACTTACGCAGGGTTACATATATTTTCACAAGGCTCCTTCTCCTGAAAAAGCCGAGGAGGAGAGTGAGAGGCTTCTGAGGGAACTCTATTTGTTTGATGTTCTCCGCGCAGATCGAACTACTGCTGCCCATGGTCTTGAACTGAGAGTCCCATTTCTAGATCATCGATTTTCTTCCTATTACTTGTCTCTGCCACCAGAAATGAGAATTCCAAAGAATGGGATAGAAAAACATCTCCTGAGAGAGACGTTTGAGGATTCCAATCTGATACCCAAAGAGATTCTCTGGCGACCAAAAGAAGCCTTCAGTGATGGAATAACTTCAGTTAAGAATTCCTGGTTTAAGATTTTACAGGAATACGTTGAACATCAGGTTGATGATGCAATGATGGCAAATGCAGCCCAGAAATTTCCCTTCAATACTCCTAAAACCAAAGAAGGATATTACTACCGTCAAGTCTTTGAACGCCATTACCCAGGCCGGGCTGACTGGCTGAGCCATTACTGGATGCCCAAGTGGATCAATGCCACTGACCCTTCTGCCCGCACGCTGACCCACTACAAGTCAGCTGTCAAAGCTTAG,ATGAAAATCGCCCACCGCGGCCCTGATGCCTTTAGATTTGAGAACGTGAACGGCTACACAAATTGCTGCTTCGGCTTTCACCGGCTGGCCGTCGTGGATCCACTGTTTGGCATGCAGCCTATTAGGGTGAAGAAGTACCCTTACCTGTGGCTGTGCTACAACGGAGAAATCTACAACCACAAAAAGATGCAGCAGCATTTCGAGTTCGAGTACCAGACAAAGGTGGATGGCGAGATCATCCTGCACCTGTACGATAAGGGCGGCATTGAACAGACCATTTGCATGCTCGACGGCGTTTTCGCCTTCGTGCTGCTGGATACCGCTAACAAAAAGGTGTTCCTGGGCAGGGACACATACGGCGTGAGACCCCTGTTTAAGGCCATGACCGAAGACGGATTCCTGGCCGTGTGTAGCGAGGCCAAGGGCCTGGTGACACTGAAGCATAGCGCCACCCCCTTTCTCAAGGTGGAGCCATTCCTGCCTGGACACTACGAAGTGCTGGATCTGAAGCCCAACGGCAAGGTGGCTAGCGTGGAGATGGTGAAGTACCACCATTGCCGGGACGTGCCACTGCACGCCCTGTACGACAACGTGGAGAAGCTGTTTCCCGGCTTTGAGATTGAGACCGTGAAAAATAATCTGCGCATCCTGTTTAATAACGCAGTGAAAAAGCGTCTGATGACTGACAGAAGGATCGGCTGCCTGCTGTCCGGAGGCTTGGATAGCTCCCTGGTGGCGGCCACTCTGCTGAAGCAGCTGAAAGAGGCCCAGGTGCAGTACCCTCTGCAGACCTTCGCCATCGGGATGGAAGATAGCCCTGACCTGCTGGCCGCCAGGAAGGTGGCCGATCACATCGGCTCCGAGCATTACGAAGTGCTCTTTAACAGCGAGGAGGGCATCCAGGCACTGGACGAGGTGATCTTTTCTCTGGAAACTTACGACATTACCACCGTGCGCGCTTCAGTGGGGATGTACCTGATCAGCAAGTACATCAGGAAGAACACCGACAGTGTGGTGATCTTTTCCGGGGAGGGCAGCGACGAGCTGACCCAGGGCTACATCTATTTCCATAAGGCCCCCTCTCCTGAGAAGGCAGAGGAGGAATCCGAGAGGCTGCTGCGCGAGCTGTACCTGTTTGATGTGCTGCGCGCCGACAGGACCACCGCCGCCCATGGCCTGGAGCTGCGCGTGCCTTTCCTCGACCACAGGTTCTCCTCTTACTACCTGTCCCTGCCACCCGAGATGAGGATCCCAAAGAATGGCATTGAGAAGCACCTGCTGCGCGAAACATTCGAGGACAGCAACCTGATCCCAAAGGAGATTCTGTGGAGGCCAAAGGAAGCTTTCTCCGATGGCATCACATCAGTGAAAAACAGCTGGTTCAAAATCCTGCAGGAATACGTGGAACACCAGGTGGATGACGCCATGATGGCCAATGCCGCCCAGAAATTTCCCTTCAACACTCCCAAGACAAAGGAGGGCTATTATTATCGCCAGGTGTTCGAGAGACACTACCCCGGGCGGGCCGACTGGCTGTCTCATTACTGGATGCCCAAGTGGATCAATGCTACCGACCCAAGCGCACGCACACTCACCCATTACAAGTCTGCTGTGAAGGCTTGA,
ATGCAACAGCATTTTGAATTTGAATACCAGACCAAAGTGGATGGTGAGATAATCCTTCATCTTTATGACAAAGGAGGAATTGAGCAAACAATTTGTATGTTGGATGGTGTGTTTGCATTTGTTTTACTGGATACTGCCAATAAGAAAGTGTTCCTGGGTAGAGATACATATGGAGTCAGACCTTTGTTTAAAGCAATGACAGAAGATGGATTTTTGGCTGTATGTTCAGAAGCTAAAGGTCTTGTTACATTGAAGCACTCCGCGACTCCCTTTTTAAAAGTGGAGCCTTTTCTTCCTGGACACTATGAAGTTTTGGATTTAAAGCCAAATGGCAAAGTTGCATCCGTGGAAATGGTTAAATATCATCACTGTCGGGATGTACCCCTGCACGCCCTCTATGACAATGTGGAGAAACTCTTTCCAGGTTTTGAGATAGAAACTGTGAAGAACAACCTCAGGATCCTTTTTAATAATGCTGTAAAGAAACGTTTGATGACAGACAGAAGGATTGGCTGCCTTTTATCAGGGGGCTTGGACTCCAGCTTGGTTGCTGCCACTCTGTTGAAGCAGCTGAAAGAAGCCCAAGTACAGTATCCTCTCCAGACATTTGCAATTGGCATGGAAGACAGCCCCGATTTACTGGCTGCTAGAAAGGTGGCAGATCATATTGGAAGTGAACATTATGAAGTCCTTTTTAACTCTGAGGAAGGCATTCAGGCTCTGGATGAAGTCATATTTTCCTTGGAAACTTATGACATTACAACAGTTCGTGCTTCAGTAGGTATGTATTTAATTTCCAAGTATATTCGGAAGAACACAGATAGCGTGGTGATCTTCTCTGGAGAAGGATCAGATGAACTTACGCAGGGTTACATATATTTTCACAAGGCTCCTTCTCCTGAAAAAGCCGAGGAGGAGAGTGAGAGGCTTCTGAGGGAACTCTATTTGTTTGATGTTCTCCGCGCAGATCGAACTACTGCTGCCCATGGTCTTGAACTGAGAGTCCCATTTCTAGATCATCGATTTTCTTCCTATTACTTGTCTCTGCCACCAGAAATGAGAATTCCAAAGAATGGGATAGAAAAACATCTCCTGAGAGAGACGTTTGAGGATTCCAATCTGATACCCAAAGAGATTCTCTGGCGACCAAAAGAAGCCTTCAGTGATGGAATAACTTCAGTTAAGAATTCCTGGTTTAAGATTTTACAGGAATACGTTGAACATCAGGTTGATGATGCAATGATGGCAAATGCAGCCCAGAAATTTCCCTTCAATACTCCTAAAACCAAAGAAGGATATTACTACCGTCAAGTCTTTGAACGCCATTACCCAGGCCGGGCTGACTGGCTGAGCCATTACTGGATGCCCAAGTGGATCAATGCCACTGACCCTTCTGCCCGCACGCTGACCCACTACAAGTCAGCTGTCAAAGCTTAG,ATGCAACAGCACTTTGAGTTTGAGTACCAGACTAAGGTGGACGGCGAAATCATCCTACACCTGTATGACAAGGGCGGGATCGAGCAGACTATCTGCATGCTGGATGGAGTGTTCGCCTTCGTGCTGCTGGACACCGCCAACAAGAAAGTGTTTCTGGGACGCGACACATACGGCGTGCGCCCCCTGTTTAAGGCCATGACCGAAGACGGCTTCCTGGCCGTGTGCAGCGAAGCCAAGGGACTGGTGACCCTGAAGCACAGTGCCACACCGTTTCTGAAGGTGGAACCTTTCCTGCCTGGCCATTATGAGGTGCTGGACCTGAAACCTAATGGCAAGGTGGCCAGCGTGGAAATGGTGAAGTATCATCACTGTCGGGACGTGCCTCTGCACGCCCTGTATGATAATGTGGAGAAGCTCTTCCCCGGCTTTGAAATTGAGACCGTCAAGAATAACCTGCGGATTCTGTTTAACAACGCCGTGAAGAAAAGACTGATGACCGACCGGAGAATCGGATGCCTGCTGTCTGGCGGTCTGGACTCTAGTCTGGTGGCCGCCACACTTCTGAAGCAGCTGAAGGAGGCCCAGGTGCAGTACCCTCTGCAGACATTCGCTATCGGAATGGAGGACAGCCCCGACCTGCTGGCCGCCAGAAAGGTGGCAGATCATATCGGCAGCGAGCACTACGAGGTGCTCTTTAATTCAGAGGAGGGAATCCAGGCCCTGGACGAGGTGATCTTTTCCCTCGAGACCTATGATATCACTACCGTCAGAGCTTCCGTGGGAATGTACCTGATCTCCAAGTACATCCGGAAGAACACTGACAGCGTGGTGATCTTCTCCGGCGAGGGCTCCGACGAGCTGACCCAGGGGTACATCTACTTTCACAAGGCACCATCCCCCGAGAAAGCCGAGGAGGAGTCCGAGAGACTGCTGAGAGAGCTGTACCTGTTCGACGTGCTGAGAGCCGACCGGACCACAGCCGCCCATGGCCTGGAGCTGCGGGTGCCCTTTCTGGACCACAGGTTTTCCAGCTATTATCTGTCTCTGCCTCCCGAGATGAGGATCCCAAAGAACGGCATTGAGAAGCACCTGCTGCGGGAGACTTTCGAAGATTCTAATCTGATTCCTAAGGAGATCCTGTGGAGACCCAAGGAGGCCTTTTCCGACGGCATCACCAGCGTGAAGAACTCCTGGTTTAAGATCCTGCAGGAATACGTGGAGCACCAGGTGGATGACGCCATGATGGCCAACGCCGCTCAGAAGTTCCCCTTTAACACCCCAAAGACAAAGGAAGGCTACTACTACAGGCAGGTGTTTGAGCGCCACTACCCTGGGAGAGCTGACTGGCTGAGCCACTACTGGATGCCCAAGTGGATCAACGCTACCGACCCATCTGCCAGAACTCTGACCCACTACAAATCAGCCGTGAAGGCCTGA,
ATGAAGATTGCACACAGAGGTCCAGATGCATTCCGTTTTGAGAATGTCAATGGATACACCAACTGCTGCTTTGGATTTCACCGGTTGGCGGTAGTTGACCCGCTGTTTGGAATGCAGCCAATTCGAGTGAAGAAATATCCGTATTTGTGGCTCTGTTACAATGGTGAAATCTACAACCATAAGAAGATGCAACAGCATTTTGAATTTGAATACCAGACCAAAGTGGATGGTGAGATAATCCTTCATCTTTATGACAAAGGAGGAATTGAGCAAACAATTTGTATGTTGGATGGTGTGTTTGCATTTGTTTTACTGGATACTGCCAATAAGAAAGTGTTCCTGGGTAGAGATACATATGGAGTCAGACCTTTGTTTAAAGCAATGACAGAAGATGGATTTTTGGCTGTATGTTCAGAAGCTAAAGGTCTTGTTACATTGAAGCACTCCGCGACTCCCTTTTTAAAAGTGGAGCCTTTTCTTCCTGGACACTATGAAGTTTTGGATTTAAAGCCAAATGGCAAAGTTGCATCCGTGGAAATGGTTAAATATCATCACTGTCGGGATGTACCCCTGCACGCCCTCTATGACAATGTGGAGAAACTCTTTCCAGGTTTTGAGATAGAAACTGTGAAGAACAACCTCAGGATCCTTTTTAATAATGCTGTAAAGAAACGTTTGATGACAGACAGAAGGATTGGCTGCCTTTTATCAGGGGGCTTGGACTCCAGCTTGGTTGCTGCCACTCTGTTGAAGCAGCTGAAAGAAGCCCAAGTACAGTATCCTCTCCAGACATTTGCAATTGGCATGGAAGACAGCCCCGATTTACTGGCTGCTAGAAAGGTGGCAGATCATATTGGAAGTGAACATTATGAAGTCCTTTTTAACTCTGAGGAAGGCATTCAGGCTCTGGATGAAGTCATATTTTCCTTGGAAACTTATGACATTACAACAGTTCGTGCTTCAGTAGGTATGTATTTAATTTCCAAGTATATTCGGAAGAACACAGATAGCGTGGTGATCTTCTCTGGAGAAGGATCAGATGAACTTACGCAGGGTTACATATATTTTCACAAGGCTCCTTCTCCTGAAAAAGCCGAGGAGGAGAGTGAGAGGCTTCTGAGGGAACTCTATTTGTTTGATGTTCTCCGCGCAGATCGAACTACTGCTGCCCATGGTCTTGAACTGAGAGTCCCATTTCTAGATCATCGATTTTCTTCCTATTACTTGTCTCTGCCACCAGAAATGAGAATTCCAAAGAATGGGATAGAAAAACATCTCCTGAGAGAGACGTTTGAGGATTCCAATCTGATACCCAAAGAGATTCTCTGGCGACCAAAAGAAGCCTTCAGTGATGGAATAACTTCAGTTAAGAATTCCTGGTTTAAGATTTTACAGGAATACGTTGAACATCAGGTTGATGATGCAATGATGGCAAATGCAGCCCAGAAATTTCCCTTCAATACTCCTAAAACCAAAGAAGGATATTACTACCGTCAAGTCTTTGAACGCCATTACCCAGGCCGGGCTGACTGGCTGAGCCATTACTGGATGCCCAAGTGGATCAATGCCACTGACCCTTCTGCCCGCACGCTGACCCACTACAAGTCAGCTGTCAAAGCTTAG,ATGAAAATCGCCCACCGCGGCCCTGATGCCTTTAGATTTGAGAACGTGAACGGCTACACAAATTGCTGCTTCGGCTTTCACCGGCTGGCCGTCGTGGATCCACTGTTTGGCATGCAGCCTATTAGGGTGAAGAAGTACCCTTACCTGTGGCTGTGCTACAACGGAGAAATCTACAACCACAAAAAGATGCAGCAGCATTTCGAGTTCGAGTACCAGACAAAGGTGGATGGCGAGATCATCCTGCACCTGTACGATAAGGGCGGCATTGAACAGACCATTTGCATGCTCGACGGCGTTTTCGCCTTCGTGCTGCTGGATACCGCTAACAAAAAGGTGTTCCTGGGCAGGGACACATACGGCGTGAGACCCCTGTTTAAGGCCATGACCGAAGACGGATTCCTGGCCGTGTGTAGCGAGGCCAAGGGCCTGGTGACACTGAAGCATAGCGCCACCCCCTTTCTCAAGGTGGAGCCATTCCTGCCTGGACACTACGAAGTGCTGGATCTGAAGCCCAACGGCAAGGTGGCTAGCGTGGAGATGGTGAAGTACCACCATTGCCGGGACGTGCCACTGCACGCCCTGTACGACAACGTGGAGAAGCTGTTTCCCGGCTTTGAGATTGAGACCGTGAAAAATAATCTGCGCATCCTGTTTAATAACGCAGTGAAAAAGCGTCTGATGACTGACAGAAGGATCGGCTGCCTGCTGTCCGGAGGCTTGGATAGCTCCCTGGTGGCGGCCACTCTGCTGAAGCAGCTGAAAGAGGCCCAGGTGCAGTACCCTCTGCAGACCTTCGCCATCGGGATGGAAGATAGCCCTGACCTGCTGGCCGCCAGGAAGGTGGCCGATCACATCGGCTCCGAGCATTACGAAGTGCTCTTTAACAGCGAGGAGGGCATCCAGGCACTGGACGAGGTGATCTTTTCTCTGGAAACTTACGACATTACCACCGTGCGCGCTTCAGTGGGGATGTACCTGATCAGCAAGTACATCAGGAAGAACACCGACAGTGTGGTGATCTTTTCCGGGGAGGGCAGCGACGAGCTGACCCAGGGCTACATCTATTTCCATAAGGCCCCCTCTCCTGAGAAGGCAGAGGAGGAATCCGAGAGGCTGCTGCGCGAGCTGTACCTGTTTGATGTGCTGCGCGCCGACAGGACCACCGCCGCCCATGGCCTGGAGCTGCGCGTGCCTTTCCTCGACCACAGGTTCTCCTCTTACTACCTGTCCCTGCCACCCGAGATGAGGATCCCAAAGAATGGCATTGAGAAGCACCTGCTGCGCGAAACATTCGAGGACAGCAACCTGATCCCAAAGGAGATTCTGTGGAGGCCAAAGGAAGCTTTCTCCGATGGCATCACATCAGTGAAAAACAGCTGGTTCAAAATCCTGCAGGAATACGTGGAACACCAGGTGGATGACGCCATGATGGCCAATGCCGCCCAGAAATTTCCCTTCAACACTCCCAAGACAAAGGAGGGCTATTATTATCGCCAGGTGTTCGAGAGACACTACCCCGGGCGGGCCGACTGGCTGTCTCATTACTGGATGCCCAAGTGGATCAATGCTACCGACCCAAGCGCACGCACACTCACCCATTACAAGTCTGCTGTGAAGGCTTGA,
